email,numberrange,phone,city,postalZip,date,company,time,name
enim@yahoo.couk,7,,Paya Lebar,J54 3NU,"Aug 19, 2023",Euismod Enim Etiam LLC,2:12 AM,Alika Hansen
eu.placerat@google.couk,1,,Marbella,33951-76194,"Jul 4, 2023",Scelerisque Inc.,11:34 PM,Haviva Rowland
consectetuer@aol.com,7,,Geylang,390449,"Jan 21, 2024",Donec Fringilla Company,3:58 PM,Philip Spence
mi.pede.nonummy@icloud.couk,2,,Meise,52595,"Jul 26, 2023",Proin Sed Incorporated,1:13 AM,Anika Vega
dictum.eleifend.nunc@google.net,2,,Liaoning,B7E 8P6,"Aug 27, 2022",Lorem Auctor Consulting,1:19 AM,Zenia Hopkins
ligula@outlook.couk,9,,Montleban,1244-3583,"Mar 31, 2024",Purus In Molestie Ltd,10:53 AM,Sawyer Harding
non@protonmail.com,3,,Tuas,R1N 2C5,"May 31, 2022",Amet Risus Donec Associates,5:13 PM,Amelia Campbell
suspendisse.aliquet@yahoo.ca,0,,Konin,74287,"Jul 30, 2023",Cursus Purus Inc.,4:09 PM,Madeson Thomas
fringilla.est.mauris@outlook.couk,6,,Hopefield,34547,"Jul 8, 2022",Vulputate Industries,11:15 PM,Cassidy Gonzalez
sed.dolor.fusce@yahoo.net,2,,Saint-Lô,15536,"Sep 19, 2022",Fusce Fermentum Fermentum Industries,11:49 AM,Vernon Cruz
tempor.est.ac@outlook.com,2,,Sicuani,31409,"Sep 16, 2023",Mi Enim LLC,4:08 PM,Galvin Bean
nibh.dolor@google.com,9,,Tuy Hòa,65176,"Dec 30, 2023",Mauris Inc.,3:53 AM,Raven Gomez
parturient@outlook.net,2,,Alcalá de Henares,3773,"Jun 27, 2022",Commodo Incorporated,7:12 AM,Lara Alston
phasellus.elit@protonmail.ca,0,,Cork,387746,"Nov 2, 2023",Donec Egestas Corporation,6:37 AM,Hilel Hodges
semper.rutrum@icloud.edu,1,,Heilongjiang,67223-464,"Feb 11, 2022",Lorem LLC,6:54 PM,John Hoover
eu.odio@hotmail.edu,6,,Murmansk,4986 ZN,"Dec 21, 2022",Convallis LLC,12:19 AM,Leah Harding
nunc.ac.sem@google.ca,8,,Bislig,6056,"Jun 2, 2022",Sit Amet LLP,6:13 AM,Norman Stein
senectus.et@protonmail.com,4,,Diego de Almagro,56-144,"Sep 3, 2023",Vel Mauris Integer LLP,7:47 PM,Perry Herring
vivamus.non.lorem@outlook.net,5,,Motala,43359,"Aug 12, 2023",Dictum Eleifend Limited,9:37 AM,Kimberley Cross
dui@protonmail.ca,5,,Pacasmayo,15247,"Sep 16, 2023",Enim Non Corp.,3:51 PM,Abdul Lyons
dolor.egestas@google.net,3,,Puerto Princesa,575911,"Apr 1, 2022",Duis Gravida Foundation,12:19 PM,Jonah Moses
vel@outlook.couk,9,,Cartago,7402,"Apr 11, 2023",Quam Vel Institute,9:45 AM,Lois Harris
auctor.quis.tristique@outlook.edu,6,,Secunda,36-422,"Jan 27, 2023",Et Euismod Et LLC,6:40 PM,Anika Ortega
integer.urna@outlook.net,7,,Maiduguri,66384-32083,"Jan 3, 2023",Duis At Lacus Inc.,4:41 PM,Cameron Keller
etiam.ligula@yahoo.edu,9,,Laval,7792,"Mar 7, 2024",Egestas Blandit Nam Foundation,7:35 PM,Jorden Garner
augue.malesuada@hotmail.couk,1,,Kimberley,38458,"Jun 22, 2023",Sed Molestie Limited,7:58 PM,Wanda Sampson
mauris@hotmail.org,3,,Hall in Tirol,24201,"May 15, 2023",Aliquet Proin Associates,7:37 PM,Deanna Webster
sed.molestie@hotmail.edu,2,,Kuruman,423465,"Oct 11, 2022",Feugiat Associates,10:02 PM,Warren Kelley
sed@hotmail.ca,9,,Liberia,92185,"Jan 17, 2024",Risus Corp.,5:07 PM,John Doyle
tellus@outlook.edu,4,,Chortkiv,7317,"Sep 6, 2023",Velit In LLP,11:03 AM,Rudyard Grant
ligula.tortor.dictum@protonmail.com,6,,Balıkesir,Y8Y 9R5,"Oct 19, 2022",Class Aptent Taciti Foundation,6:50 PM,Daphne Jennings
lorem.lorem@google.com,0,,Aserrí,658632,"Aug 3, 2023",Adipiscing Mauris Company,12:11 AM,Brock Burks
sed.dui@hotmail.net,1,,King William's Town,08239,"Mar 30, 2022",Eu Tellus Eu LLC,8:49 AM,Denise Baxter
magna.tellus@hotmail.org,2,,Laakirchen,55366-92336,"Jan 21, 2023",Consequat Enim Associates,3:14 PM,Libby Delaney
semper.auctor@outlook.com,1,,Sarpsborg,37446,"Sep 21, 2023",Velit Eu Ltd,9:57 AM,Jennifer Haley
volutpat.nulla.facilisis@aol.ca,0,,San Luis Potosí,40503,"Nov 26, 2023",Sit Amet LLP,6:13 AM,Sonia Atkinson
pharetra.sed@outlook.com,6,,Bajaur Agency,128128,"Mar 21, 2022",Cursus Diam At Incorporated,6:58 AM,Stephen O'donnell
quisque@hotmail.edu,3,,Nuevo Laredo,7247,"Jan 2, 2024",Iaculis PC,12:46 PM,Vladimir Nieves
est.mollis@protonmail.couk,10,,Farsund,3154,"May 14, 2023",Dui Nec Urna Industries,2:47 AM,Ebony Moss
dapibus.id@protonmail.ca,0,,Värnamo,506127,"Dec 29, 2023",Lobortis Risus In Foundation,8:40 PM,Zahir Mckay
curabitur.massa.vestibulum@outlook.net,7,,Scena/Schenna,2673,"May 11, 2023",Cursus Integer Mollis Incorporated,2:01 PM,Anjolie Mooney
sit.amet@hotmail.net,10,,Villers-lez-Heest,26206,"Jun 9, 2023",Lacus Pede LLC,7:32 PM,Aquila Espinoza
erat.neque.non@yahoo.edu,2,,Watson Lake,6216,"Jun 6, 2023",Vitae Orci LLP,3:47 PM,Lev Schroeder
lacus.nulla@protonmail.com,3,,Bengkulu,22-82,"Mar 7, 2022",Odio A Purus Incorporated,6:59 PM,Ann Dennis
curabitur.consequat.lectus@yahoo.couk,10,,Kovel,0979,"Mar 11, 2022",Felis Associates,4:02 AM,Yoshi Cardenas
eu.nulla@yahoo.org,2,,Alta,2621,"Aug 3, 2022",Ligula Nullam Associates,6:54 PM,Galvin Glover
purus.gravida@aol.com,9,,Krems an der Donau,15382,"Jul 16, 2022",Penatibus Et Incorporated,10:59 AM,Camden Hansen
lorem.auctor.quis@outlook.net,7,,Iquitos,8181,"May 18, 2023",Non Hendrerit Corporation,8:41 PM,Hollee Dotson
sit.amet@outlook.com,6,,Srinagar,01643,"Sep 15, 2022",Et Netus Industries,4:04 AM,Roth Peck
nulla.tincidunt@google.org,2,,Central Jakarta,16278,"Apr 4, 2023",Et Euismod Corporation,11:31 AM,Edan Henry
convallis.ante@hotmail.com,8,,Silvan,2235,"Apr 22, 2022",Augue Ac Industries,12:35 PM,Yeo Savage
nulla.vulputate@protonmail.edu,2,,Rockingham,18654,"Feb 16, 2022",At Pede LLC,10:44 PM,Wayne Welch
turpis.non@hotmail.net,6,,Çeşme,88618,"Jan 7, 2023",Eu Eros Consulting,9:24 PM,Fletcher Woodward
at.auctor.ullamcorper@hotmail.couk,7,,Shillong,6158,"Mar 6, 2022",Dapibus Rutrum Justo Associates,11:45 AM,Xavier Ewing
aliquam@google.couk,10,,Poltava,8925-7666,"Jun 25, 2023",Metus Vivamus Euismod Incorporated,7:35 PM,Chancellor Berg
varius.ultrices@outlook.ca,4,,Matamata,6784,"Sep 9, 2022",Sed Turpis Associates,11:32 AM,Jocelyn Delgado
sem.ut@google.org,8,,Port Harcourt,23213,"Jan 10, 2024",Natoque LLP,8:22 PM,Connor Kinney
non@hotmail.edu,4,,Täby,645528,"Dec 27, 2022",Dictum Mi Corporation,4:29 PM,Haviva Macdonald
per.conubia@protonmail.ca,8,,Akhisar,61664-748,"Nov 13, 2022",Facilisi Sed Consulting,7:15 AM,Brock Mcclain
urna@hotmail.org,7,,San Juan de Pasto,1950,"Jun 21, 2023",Id Nunc Interdum Incorporated,11:55 PM,MacKensie Munoz
orci.luctus@google.net,6,,Kasur,463207,"Mar 15, 2022",Mauris Associates,6:22 PM,Hakeem Baxter
pharetra.quisque@icloud.org,5,,Argyle,68-455,"Jan 14, 2022",Lorem Semper Auctor Foundation,6:36 PM,Fitzgerald Ross
porttitor.scelerisque.neque@icloud.org,1,,Didim,5644-2112,"Oct 10, 2022",Rutrum Eu Incorporated,4:44 AM,Ivan Alvarado
orci.tincidunt@aol.org,4,,Purral,35661640,"Apr 15, 2022",Sodales At Corporation,9:40 AM,Amena O'connor
lectus.convallis@icloud.ca,2,,Grave,9698-3112,"Sep 20, 2022",Nam Ligula Elit Corporation,6:42 AM,Fleur Francis
ante.blandit@hotmail.couk,4,,Zielona Góra,09626,"Feb 26, 2024",Nec Urna Limited,10:05 PM,Hayfa Reid
ultrices.posuere.cubilia@google.couk,0,,Jerez de la Frontera,17325,"Oct 25, 2023",Integer Sem Limited,9:25 PM,William Estes
et.pede@protonmail.edu,9,,Hidalgo del Parral,28108,"Jun 4, 2022",Proin Dolor Ltd,12:49 AM,Kylan Callahan
nam.consequat.dolor@aol.org,5,,Carmen,83148-54528,"Aug 8, 2022",Ante Ipsum Primis PC,4:46 PM,Brielle Haley
ipsum@protonmail.edu,9,,Charlottetown,6463,"Sep 30, 2022",At Pede Incorporated,1:02 AM,Scott Dennis
phasellus.libero.mauris@protonmail.org,6,,Butterworth,243042,"Jun 28, 2023",Nullam Nisl Corporation,3:29 AM,Erich Holden
cum.sociis.natoque@icloud.ca,2,,Levanger,89258,"May 17, 2023",Dolor Corp.,3:27 AM,Christine Espinoza
egestas@protonmail.ca,8,,Camarones,33353,"May 16, 2023",Primis Limited,7:44 PM,Plato Clayton
tristique.senectus@protonmail.couk,1,,Wanaka,66273,"May 22, 2023",Odio Aliquam Vulputate PC,5:08 PM,Ryan Morse
netus.et.malesuada@outlook.com,10,,Haridwar,5440,"Sep 20, 2022",Est Foundation,7:31 PM,Tyler Spears
tristique@yahoo.ca,6,,Huaraz,98629,"Mar 23, 2022",Imperdiet Dictum Foundation,1:15 PM,Cole Lowery
orci.lobortis@icloud.net,9,,Dannevirke,3052,"May 1, 2022",Lectus Cum Corp.,1:56 PM,Jameson Orr
libero.integer@yahoo.couk,1,,Olsztyn,53773,"Apr 4, 2024",Turpis Aliquam Adipiscing PC,3:40 PM,Edan Juarez
tortor@outlook.edu,4,,Tirúa,23136,"Aug 14, 2023",Id Mollis Corporation,10:07 PM,Hector Mccray
consequat.lectus@outlook.com,9,,Jiangsu,16156,"Mar 17, 2022",Vestibulum Associates,4:41 PM,Boris Rosario
id.enim.curabitur@yahoo.edu,1,,Stockerau,3150,"Mar 6, 2023",Etiam Laoreet Libero Incorporated,9:19 AM,Quinn Watkins
semper.cursus@hotmail.ca,3,,Galway,770644,"Sep 24, 2022",Non Cursus Non Institute,3:47 AM,Rajah Mullen
arcu@protonmail.edu,1,,Parral,10202,"Apr 15, 2022",Magna Foundation,12:59 PM,Brady Rush
ac@google.net,9,,Allappuzha,27035-675,"Feb 25, 2022",Curabitur Consequat Lectus Institute,10:49 AM,Sarah Doyle
ultrices.posuere@outlook.com,5,,Ludvika,15270,"Jun 3, 2022",Sed Auctor PC,6:13 AM,Yael Rodriquez
velit.quisque.varius@google.ca,4,,Napier,2039,"May 29, 2022",Integer In Magna Limited,4:29 PM,Xyla Lowery
phasellus.dolor@protonmail.com,7,,Cao Lãnh,8124,"Sep 23, 2023",Egestas Aliquam LLP,1:39 PM,Raven Gill
volutpat.ornare.facilisis@protonmail.ca,0,,Pilibhit,37682,"May 14, 2022",Gravida Molestie Consulting,6:57 AM,Chaim Little
nec.enim.nunc@outlook.ca,9,,Penrith,33031,"Nov 4, 2023",Feugiat Non Lobortis Industries,9:50 PM,Yolanda Atkinson
mattis.semper.dui@outlook.edu,6,,Funtua,16493,"Nov 28, 2022",Nam Ligula Institute,4:04 PM,Kirsten Rocha
consectetuer@yahoo.couk,5,,Westport,326668,"Apr 11, 2023",Netus Et Ltd,5:36 AM,Teagan Bell
non@aol.ca,6,,Ryazan,4445,"Feb 24, 2024",Eu LLP,12:54 PM,Bruno Mullen
tristique.aliquet@google.net,5,,Mandi Bahauddin,57512,"Jun 14, 2023",Convallis Est Vitae LLP,3:20 PM,Daquan Donaldson
proin.eget@hotmail.couk,1,,Smila,10266,"May 26, 2022",Cum PC,11:24 AM,Hamish Murphy
mattis@icloud.org,8,,Tenali,6184,"Jan 3, 2024",In LLC,9:37 AM,Karyn Pitts
egestas.a.dui@outlook.net,7,,Elverum,58858-762,"Dec 30, 2023",Nulla Interdum Industries,1:29 AM,Camden Bridges
pede.praesent@google.com,8,,Izmir,11768,"Sep 21, 2023",Dolor Dapibus Gravida Company,10:00 PM,Morgan Porter
sagittis@aol.edu,5,,Quesada,0347-5825,"May 9, 2022",Libero Morbi Accumsan LLP,6:09 PM,Teagan Graham
metus.urna@outlook.net,2,,Merseburg,54-132,"Mar 20, 2024",Facilisis Non Corporation,8:54 PM,Keelie Conway
ullamcorper.duis@google.ca,6,,Altidona,15831,"Feb 10, 2022",Dapibus Quam Associates,1:26 PM,Jena Sims
