email,numberrange,phone
nam@hotmail.com,9,
ultrices.posuere.cubilia@icloud.couk,4,
malesuada.augue@yahoo.couk,4,
ligula.eu.enim@yahoo.net,1,
aliquet@yahoo.net,4,
at.risus@yahoo.com,2,
donec.egestas@aol.edu,5,
luctus@yahoo.ca,6,
luctus.curabitur.egestas@protonmail.ca,9,
orci.phasellus@icloud.com,6,
donec.dignissim@outlook.net,5,
quam.quis.diam@aol.edu,7,
purus.duis@aol.com,4,
laoreet.libero@hotmail.org,9,
semper.tellus@google.ca,5,
vulputate.mauris@aol.couk,4,
posuere.enim.nisl@outlook.ca,2,
libero.et@outlook.net,8,
erat.vivamus@protonmail.couk,5,
nec@protonmail.net,0,
odio.nam.interdum@hotmail.org,7,
at@protonmail.com,7,
pede.nonummy@google.com,8,
dictum@icloud.com,3,
scelerisque.sed.sapien@protonmail.ca,7,
aliquam@hotmail.org,5,
vivamus.nisi@aol.ca,2,
felis@aol.org,9,
nullam.nisl@hotmail.ca,1,
vel.est@google.com,7,
nisi.a.odio@yahoo.com,7,
vestibulum.lorem@aol.com,9,
eget.nisi@yahoo.com,7,
orci.donec.nibh@aol.org,5,
eu.euismod.ac@icloud.org,4,
ac@protonmail.net,4,
vitae.semper@yahoo.org,4,
maecenas@google.ca,4,
luctus.lobortis@icloud.edu,8,
pellentesque@yahoo.net,9,
ante.vivamus@hotmail.net,3,
vitae.sodales@aol.edu,6,
neque@hotmail.org,8,
tincidunt@hotmail.org,3,
urna.convallis@outlook.com,9,
sapien.molestie@aol.ca,1,
gravida.molestie@google.org,6,
eu.tempor.erat@outlook.org,6,
quis@google.net,10,
sed@hotmail.edu,9,
tempus.non@outlook.ca,6,
nec@hotmail.ca,5,
nisl.arcu@yahoo.edu,8,
sapien.cras.dolor@hotmail.org,5,
sit@protonmail.edu,5,
sociis.natoque.penatibus@hotmail.org,7,
scelerisque@outlook.net,5,
integer.vitae@icloud.edu,5,
sagittis@icloud.edu,8,
ultricies.adipiscing@google.couk,6,
non@aol.edu,6,
convallis.dolor@hotmail.ca,8,
magna.a.tortor@google.ca,2,
rutrum@aol.org,2,
cum@aol.ca,4,
phasellus.at@icloud.org,6,
morbi@protonmail.com,7,
phasellus.libero@aol.org,0,
fusce.fermentum@aol.org,9,
hymenaeos.mauris@yahoo.net,9,
adipiscing.fringilla@hotmail.net,7,
pede.malesuada.vel@google.net,6,
phasellus@hotmail.edu,4,
praesent@hotmail.ca,9,
in@hotmail.org,7,
consequat.purus@aol.edu,1,
dis.parturient.montes@protonmail.couk,4,
scelerisque@aol.org,9,
netus.et@outlook.couk,2,
tristique.aliquet.phasellus@yahoo.net,3,
augue@yahoo.edu,3,
a.enim@hotmail.org,3,
nec@google.org,5,
tellus.imperdiet.non@hotmail.edu,2,
in@hotmail.edu,5,
dolor.fusce@icloud.net,6,
donec.consectetuer@yahoo.net,8,
ut.tincidunt@hotmail.edu,7,
suscipit.est@google.ca,9,
rhoncus.donec.est@hotmail.edu,9,
arcu.nunc@icloud.com,3,
dignissim.magna@icloud.ca,1,
aliquam@aol.ca,4,
metus@hotmail.net,6,
cras@icloud.edu,9,
proin.mi.aliquam@yahoo.couk,3,
adipiscing@aol.com,5,
tellus.sem.mollis@yahoo.com,9,
augue.ut@google.edu,6,
dui@protonmail.net,5,
